Method,Min,Max,Mean,Median,Std,Range_Span
Min-Max Normalization,0.0,1.0,0.5014390497310699,0.5013477088948787,0.2925608532123505,1.0
Z-Score Standardization,-1.713964955410861,1.7041273457972113,8.309747139454852e-16,-0.0003122114089702361,1.0,3.4180923012080724
Robust Scaling,-0.9738219895287958,0.9685863874345549,0.00017742120537663243,0.0,0.5682726520512148,1.9424083769633507
